{"loss": [1.345601201057434, 0.4521845579147339, 0.2653857171535492, 0.18700268864631653, 0.13984185457229614, 0.11197930574417114, 0.08953837305307388, 0.07200434058904648, 0.06550531834363937, 0.05639415979385376], "accuracy": [0.6006686091423035, 0.856718122959137, 0.9138914346694946, 0.9395262598991394, 0.9535244107246399, 0.9635962843894958, 0.9706664681434631, 0.9766412973403931, 0.9790596961975098, 0.9817625880241394], "val_loss": [0.6165215969085693, 0.3631759285926819, 0.2323111742734909, 0.1839379370212555, 0.15717850625514984, 0.20332372188568115, 0.16219191253185272, 0.10718296468257904, 0.10688132792711258, 0.1365906447172165], "val_accuracy": [0.8107784986495972, 0.8817436695098877, 0.9249942898750305, 0.9405872821807861, 0.9500910639762878, 0.9401320219039917, 0.9513999819755554, 0.9676189422607422, 0.9684156775474548, 0.9627248048782349]}